colour	x	y	showSelectedlegendcolour	PANEL
#0000FF	3	0.137277898280143	subtrain	1
#00BFFF	2.47275644931721	0.294473278447761	validation	1
#0000FF	3	0.00528394315324866	subtrain	2
#00BFFF	1.41497334797082	0.29382876297775	validation	2
