x	y	label	PANEL	group
2.47275644931721	0.294473278447761	maxit=297	1	-1
1.41497334797082	0.29382876297775	maxit=26	2	-1
